{"cameraMode":{"drawMode":0,"name":"Shaded","section":"Shading Mode"},"sceneLighting":false,"audioPlay":false,"sceneViewState":{"m_AlwaysRefresh":false,"showFog":true,"showSkybox":true,"showFlares":true,"showImageEffects":true,"showParticleSystems":true,"showVisualEffectGraphs":true,"m_FxEnabled":true},"in2DMode":false,"pivot":{"x":1044.024658203125,"y":662.9236450195313,"z":-21.666240692138673},"rotation":{"x":-0.02249818667769432,"y":-0.006003071554005146,"z":0.0001465387176722288,"w":-0.9997686147689819},"size":662.7368774414063,"orthographic":false}